{
  "type": "MAP_EXTENT",
  "max": 50,
  "value": {
    "latitude1": -36.85182766296668,
    "longitude1": 174.7604892264344,
    "latitude2": -36.84945718506645,
    "longitude2": 174.76390094064027
  }
}
